<annotation>
	<folder></folder>
	<filename>frame8_jpg.rf.176ed30743686b24027210aa4f4b3da1.jpg</filename>
	<path>frame8_jpg.rf.176ed30743686b24027210aa4f4b3da1.jpg</path>
	<source>
		<database>roboflow.ai</database>
	</source>
	<size>
		<width>416</width>
		<height>416</height>
		<depth>3</depth>
	</size>
	<segmented>0</segmented>
	<object>
		<name>alpha</name>
		<pose>Unspecified</pose>
		<truncated>0</truncated>
		<difficult>0</difficult>
		<occluded>0</occluded>
		<bndbox>
			<xmin>1</xmin>
			<xmax>44</xmax>
			<ymin>313</ymin>
			<ymax>327</ymax>
		</bndbox>
	</object>
	<object>
		<name>alpha</name>
		<pose>Unspecified</pose>
		<truncated>0</truncated>
		<difficult>0</difficult>
		<occluded>0</occluded>
		<bndbox>
			<xmin>1</xmin>
			<xmax>47</xmax>
			<ymin>250</ymin>
			<ymax>314</ymax>
		</bndbox>
	</object>
	<object>
		<name>muon</name>
		<pose>Unspecified</pose>
		<truncated>0</truncated>
		<difficult>0</difficult>
		<occluded>0</occluded>
		<bndbox>
			<xmin>84</xmin>
			<xmax>154</xmax>
			<ymin>261</ymin>
			<ymax>289</ymax>
		</bndbox>
	</object>
	<object>
		<name>muon</name>
		<pose>Unspecified</pose>
		<truncated>0</truncated>
		<difficult>0</difficult>
		<occluded>0</occluded>
		<bndbox>
			<xmin>264</xmin>
			<xmax>356</xmax>
			<ymin>29</ymin>
			<ymax>65</ymax>
		</bndbox>
	</object>
</annotation>
