<annotation>
	<folder></folder>
	<filename>frame10_jpg.rf.fdc679796db81158f83daf89913b7256.jpg</filename>
	<path>frame10_jpg.rf.fdc679796db81158f83daf89913b7256.jpg</path>
	<source>
		<database>roboflow.ai</database>
	</source>
	<size>
		<width>416</width>
		<height>416</height>
		<depth>3</depth>
	</size>
	<segmented>0</segmented>
	<object>
		<name>alpha</name>
		<pose>Unspecified</pose>
		<truncated>0</truncated>
		<difficult>0</difficult>
		<occluded>0</occluded>
		<bndbox>
			<xmin>110</xmin>
			<xmax>184</xmax>
			<ymin>144</ymin>
			<ymax>183</ymax>
		</bndbox>
	</object>
	<object>
		<name>alpha</name>
		<pose>Unspecified</pose>
		<truncated>0</truncated>
		<difficult>0</difficult>
		<occluded>0</occluded>
		<bndbox>
			<xmin>357</xmin>
			<xmax>416</xmax>
			<ymin>251</ymin>
			<ymax>267</ymax>
		</bndbox>
	</object>
</annotation>
