<annotation>
	<folder></folder>
	<filename>frame3_jpg.rf.edc8fff107b7ec1b574bce42d6f55fb2.jpg</filename>
	<path>frame3_jpg.rf.edc8fff107b7ec1b574bce42d6f55fb2.jpg</path>
	<source>
		<database>roboflow.ai</database>
	</source>
	<size>
		<width>416</width>
		<height>416</height>
		<depth>3</depth>
	</size>
	<segmented>0</segmented>
	<object>
		<name>alpha</name>
		<pose>Unspecified</pose>
		<truncated>0</truncated>
		<difficult>0</difficult>
		<occluded>0</occluded>
		<bndbox>
			<xmin>83</xmin>
			<xmax>101</xmax>
			<ymin>169</ymin>
			<ymax>295</ymax>
		</bndbox>
	</object>
	<object>
		<name>alpha</name>
		<pose>Unspecified</pose>
		<truncated>0</truncated>
		<difficult>0</difficult>
		<occluded>0</occluded>
		<bndbox>
			<xmin>242</xmin>
			<xmax>262</xmax>
			<ymin>159</ymin>
			<ymax>210</ymax>
		</bndbox>
	</object>
	<object>
		<name>alpha</name>
		<pose>Unspecified</pose>
		<truncated>0</truncated>
		<difficult>0</difficult>
		<occluded>0</occluded>
		<bndbox>
			<xmin>82</xmin>
			<xmax>98</xmax>
			<ymin>115</ymin>
			<ymax>163</ymax>
		</bndbox>
	</object>
	<object>
		<name>alpha</name>
		<pose>Unspecified</pose>
		<truncated>0</truncated>
		<difficult>0</difficult>
		<occluded>0</occluded>
		<bndbox>
			<xmin>237</xmin>
			<xmax>251</xmax>
			<ymin>123</ymin>
			<ymax>153</ymax>
		</bndbox>
	</object>
</annotation>
