<annotation>
	<folder></folder>
	<filename>frame10_jpg.rf.58f26b13365b618b93acc7e85d8c69b8.jpg</filename>
	<path>frame10_jpg.rf.58f26b13365b618b93acc7e85d8c69b8.jpg</path>
	<source>
		<database>roboflow.ai</database>
	</source>
	<size>
		<width>416</width>
		<height>416</height>
		<depth>3</depth>
	</size>
	<segmented>0</segmented>
	<object>
		<name>alpha</name>
		<pose>Unspecified</pose>
		<truncated>0</truncated>
		<difficult>0</difficult>
		<occluded>0</occluded>
		<bndbox>
			<xmin>235</xmin>
			<xmax>309</xmax>
			<ymin>236</ymin>
			<ymax>275</ymax>
		</bndbox>
	</object>
	<object>
		<name>alpha</name>
		<pose>Unspecified</pose>
		<truncated>0</truncated>
		<difficult>0</difficult>
		<occluded>0</occluded>
		<bndbox>
			<xmin>2</xmin>
			<xmax>61</xmax>
			<ymin>152</ymin>
			<ymax>168</ymax>
		</bndbox>
	</object>
</annotation>
