<annotation>
	<folder></folder>
	<filename>frame13_jpg.rf.8fdaa83df490aedde4cf0c60134f5964.jpg</filename>
	<path>frame13_jpg.rf.8fdaa83df490aedde4cf0c60134f5964.jpg</path>
	<source>
		<database>roboflow.ai</database>
	</source>
	<size>
		<width>416</width>
		<height>416</height>
		<depth>3</depth>
	</size>
	<segmented>0</segmented>
	<object>
		<name>alpha</name>
		<pose>Unspecified</pose>
		<truncated>0</truncated>
		<difficult>0</difficult>
		<occluded>0</occluded>
		<bndbox>
			<xmin>267</xmin>
			<xmax>329</xmax>
			<ymin>326</ymin>
			<ymax>342</ymax>
		</bndbox>
	</object>
</annotation>
