<annotation>
	<folder></folder>
	<filename>frame12_jpg.rf.63a6cf9de517ca4bd674a1b31262a74f.jpg</filename>
	<path>frame12_jpg.rf.63a6cf9de517ca4bd674a1b31262a74f.jpg</path>
	<source>
		<database>roboflow.ai</database>
	</source>
	<size>
		<width>416</width>
		<height>416</height>
		<depth>3</depth>
	</size>
	<segmented>0</segmented>
	<object>
		<name>muon</name>
		<pose>Unspecified</pose>
		<truncated>0</truncated>
		<difficult>0</difficult>
		<occluded>0</occluded>
		<bndbox>
			<xmin>322</xmin>
			<xmax>344</xmax>
			<ymin>165</ymin>
			<ymax>262</ymax>
		</bndbox>
	</object>
</annotation>
