<annotation>
	<folder></folder>
	<filename>frame7_jpg.rf.97eaa005371bd6733e0176adbf8692bd.jpg</filename>
	<path>frame7_jpg.rf.97eaa005371bd6733e0176adbf8692bd.jpg</path>
	<source>
		<database>roboflow.ai</database>
	</source>
	<size>
		<width>416</width>
		<height>416</height>
		<depth>3</depth>
	</size>
	<segmented>0</segmented>
	<object>
		<name>muon</name>
		<pose>Unspecified</pose>
		<truncated>0</truncated>
		<difficult>0</difficult>
		<occluded>0</occluded>
		<bndbox>
			<xmin>366</xmin>
			<xmax>416</xmax>
			<ymin>309</ymin>
			<ymax>322</ymax>
		</bndbox>
	</object>
	<object>
		<name>muon</name>
		<pose>Unspecified</pose>
		<truncated>0</truncated>
		<difficult>0</difficult>
		<occluded>0</occluded>
		<bndbox>
			<xmin>378</xmin>
			<xmax>396</xmax>
			<ymin>270</ymin>
			<ymax>318</ymax>
		</bndbox>
	</object>
</annotation>
