<annotation>
	<folder></folder>
	<filename>frame7_jpg.rf.ec71fee96d92538282368d323a326ac8.jpg</filename>
	<path>frame7_jpg.rf.ec71fee96d92538282368d323a326ac8.jpg</path>
	<source>
		<database>roboflow.ai</database>
	</source>
	<size>
		<width>416</width>
		<height>416</height>
		<depth>3</depth>
	</size>
	<segmented>0</segmented>
	<object>
		<name>muon</name>
		<pose>Unspecified</pose>
		<truncated>0</truncated>
		<difficult>0</difficult>
		<occluded>0</occluded>
		<bndbox>
			<xmin>97</xmin>
			<xmax>109</xmax>
			<ymin>1</ymin>
			<ymax>52</ymax>
		</bndbox>
	</object>
	<object>
		<name>muon</name>
		<pose>Unspecified</pose>
		<truncated>0</truncated>
		<difficult>0</difficult>
		<occluded>0</occluded>
		<bndbox>
			<xmin>100</xmin>
			<xmax>148</xmax>
			<ymin>23</ymin>
			<ymax>41</ymax>
		</bndbox>
	</object>
</annotation>
