<annotation>
	<folder></folder>
	<filename>frame12_jpg.rf.77cc5fd00c964166aa36299ac6168fdd.jpg</filename>
	<path>frame12_jpg.rf.77cc5fd00c964166aa36299ac6168fdd.jpg</path>
	<source>
		<database>roboflow.ai</database>
	</source>
	<size>
		<width>416</width>
		<height>416</height>
		<depth>3</depth>
	</size>
	<segmented>0</segmented>
	<object>
		<name>muon</name>
		<pose>Unspecified</pose>
		<truncated>0</truncated>
		<difficult>0</difficult>
		<occluded>0</occluded>
		<bndbox>
			<xmin>322</xmin>
			<xmax>344</xmax>
			<ymin>156</ymin>
			<ymax>253</ymax>
		</bndbox>
	</object>
</annotation>
