<annotation>
	<folder></folder>
	<filename>frame12_jpg.rf.e7a3a4ddd85b96b199e111d057380ce2.jpg</filename>
	<path>frame12_jpg.rf.e7a3a4ddd85b96b199e111d057380ce2.jpg</path>
	<source>
		<database>roboflow.ai</database>
	</source>
	<size>
		<width>416</width>
		<height>416</height>
		<depth>3</depth>
	</size>
	<segmented>0</segmented>
	<object>
		<name>muon</name>
		<pose>Unspecified</pose>
		<truncated>0</truncated>
		<difficult>0</difficult>
		<occluded>0</occluded>
		<bndbox>
			<xmin>165</xmin>
			<xmax>262</xmax>
			<ymin>74</ymin>
			<ymax>96</ymax>
		</bndbox>
	</object>
</annotation>
