<annotation>
	<folder></folder>
	<filename>frame5_jpg.rf.7db08f9c038f35b1360551a0bb05e563.jpg</filename>
	<path>frame5_jpg.rf.7db08f9c038f35b1360551a0bb05e563.jpg</path>
	<source>
		<database>roboflow.ai</database>
	</source>
	<size>
		<width>416</width>
		<height>416</height>
		<depth>3</depth>
	</size>
	<segmented>0</segmented>
	<object>
		<name>muon</name>
		<pose>Unspecified</pose>
		<truncated>0</truncated>
		<difficult>0</difficult>
		<occluded>0</occluded>
		<bndbox>
			<xmin>319</xmin>
			<xmax>354</xmax>
			<ymin>2</ymin>
			<ymax>31</ymax>
		</bndbox>
	</object>
</annotation>
