<annotation>
	<folder></folder>
	<filename>frame5_jpg.rf.835e4013e736875cc6246c4a54cbd820.jpg</filename>
	<path>frame5_jpg.rf.835e4013e736875cc6246c4a54cbd820.jpg</path>
	<source>
		<database>roboflow.ai</database>
	</source>
	<size>
		<width>416</width>
		<height>416</height>
		<depth>3</depth>
	</size>
	<segmented>0</segmented>
	<object>
		<name>muon</name>
		<pose>Unspecified</pose>
		<truncated>0</truncated>
		<difficult>0</difficult>
		<occluded>0</occluded>
		<bndbox>
			<xmin>64</xmin>
			<xmax>99</xmax>
			<ymin>387</ymin>
			<ymax>416</ymax>
		</bndbox>
	</object>
</annotation>
