<annotation>
	<folder></folder>
	<filename>frame8_jpg.rf.058378364af5262179d7c1083f254c89.jpg</filename>
	<path>frame8_jpg.rf.058378364af5262179d7c1083f254c89.jpg</path>
	<source>
		<database>roboflow.ai</database>
	</source>
	<size>
		<width>416</width>
		<height>416</height>
		<depth>3</depth>
	</size>
	<segmented>0</segmented>
	<object>
		<name>alpha</name>
		<pose>Unspecified</pose>
		<truncated>0</truncated>
		<difficult>0</difficult>
		<occluded>0</occluded>
		<bndbox>
			<xmin>2</xmin>
			<xmax>44</xmax>
			<ymin>91</ymin>
			<ymax>106</ymax>
		</bndbox>
	</object>
	<object>
		<name>alpha</name>
		<pose>Unspecified</pose>
		<truncated>0</truncated>
		<difficult>0</difficult>
		<occluded>0</occluded>
		<bndbox>
			<xmin>2</xmin>
			<xmax>47</xmax>
			<ymin>104</ymin>
			<ymax>168</ymax>
		</bndbox>
	</object>
	<object>
		<name>muon</name>
		<pose>Unspecified</pose>
		<truncated>0</truncated>
		<difficult>0</difficult>
		<occluded>0</occluded>
		<bndbox>
			<xmin>84</xmin>
			<xmax>154</xmax>
			<ymin>129</ymin>
			<ymax>157</ymax>
		</bndbox>
	</object>
	<object>
		<name>muon</name>
		<pose>Unspecified</pose>
		<truncated>0</truncated>
		<difficult>0</difficult>
		<occluded>0</occluded>
		<bndbox>
			<xmin>264</xmin>
			<xmax>356</xmax>
			<ymin>353</ymin>
			<ymax>390</ymax>
		</bndbox>
	</object>
</annotation>
