<annotation>
	<folder></folder>
	<filename>frame13_jpg.rf.155279bb7ea4d1f240bcd42d08e0fed6.jpg</filename>
	<path>frame13_jpg.rf.155279bb7ea4d1f240bcd42d08e0fed6.jpg</path>
	<source>
		<database>roboflow.ai</database>
	</source>
	<size>
		<width>1296</width>
		<height>720</height>
		<depth>3</depth>
	</size>
	<segmented>0</segmented>
	<object>
		<name>alpha</name>
		<pose>Unspecified</pose>
		<truncated>0</truncated>
		<difficult>0</difficult>
		<occluded>0</occluded>
		<bndbox>
			<xmin>832</xmin>
			<xmax>856</xmax>
			<ymin>257</ymin>
			<ymax>311</ymax>
		</bndbox>
	</object>
</annotation>
