<annotation>
	<folder></folder>
	<filename>frame11_jpg.rf.c29ac6f41cbf3f37c2ad7d61c42d55b8.jpg</filename>
	<path>frame11_jpg.rf.c29ac6f41cbf3f37c2ad7d61c42d55b8.jpg</path>
	<source>
		<database>roboflow.ai</database>
	</source>
	<size>
		<width>1296</width>
		<height>720</height>
		<depth>3</depth>
	</size>
	<segmented>0</segmented>
	<object>
		<name>alpha</name>
		<pose>Unspecified</pose>
		<truncated>0</truncated>
		<difficult>0</difficult>
		<occluded>0</occluded>
		<bndbox>
			<xmin>411</xmin>
			<xmax>487</xmax>
			<ymin>349</ymin>
			<ymax>374</ymax>
		</bndbox>
	</object>
	<object>
		<name>alpha</name>
		<pose>Unspecified</pose>
		<truncated>0</truncated>
		<difficult>0</difficult>
		<occluded>0</occluded>
		<bndbox>
			<xmin>323</xmin>
			<xmax>394</xmax>
			<ymin>351</ymin>
			<ymax>403</ymax>
		</bndbox>
	</object>
</annotation>
