<annotation>
	<folder></folder>
	<filename>frame7_jpg.rf.a43e8243afe910008d58a00fe98dded8.jpg</filename>
	<path>frame7_jpg.rf.a43e8243afe910008d58a00fe98dded8.jpg</path>
	<source>
		<database>roboflow.ai</database>
	</source>
	<size>
		<width>1296</width>
		<height>720</height>
		<depth>3</depth>
	</size>
	<segmented>0</segmented>
	<object>
		<name>muon</name>
		<pose>Unspecified</pose>
		<truncated>0</truncated>
		<difficult>0</difficult>
		<occluded>0</occluded>
		<bndbox>
			<xmin>474</xmin>
			<xmax>492</xmax>
			<ymin>146</ymin>
			<ymax>224</ymax>
		</bndbox>
	</object>
	<object>
		<name>muon</name>
		<pose>Unspecified</pose>
		<truncated>0</truncated>
		<difficult>0</difficult>
		<occluded>0</occluded>
		<bndbox>
			<xmin>479</xmin>
			<xmax>554</xmax>
			<ymin>200</ymin>
			<ymax>215</ymax>
		</bndbox>
	</object>
</annotation>
