<annotation>
	<folder></folder>
	<filename>frame10_jpg.rf.9d21d8ab857656e0c71c0a232f0ad748.jpg</filename>
	<path>frame10_jpg.rf.9d21d8ab857656e0c71c0a232f0ad748.jpg</path>
	<source>
		<database>roboflow.ai</database>
	</source>
	<size>
		<width>1296</width>
		<height>720</height>
		<depth>3</depth>
	</size>
	<segmented>0</segmented>
	<object>
		<name>alpha</name>
		<pose>Unspecified</pose>
		<truncated>0</truncated>
		<difficult>0</difficult>
		<occluded>0</occluded>
		<bndbox>
			<xmin>690</xmin>
			<xmax>751</xmax>
			<ymin>275</ymin>
			<ymax>339</ymax>
		</bndbox>
	</object>
	<object>
		<name>alpha</name>
		<pose>Unspecified</pose>
		<truncated>0</truncated>
		<difficult>0</difficult>
		<occluded>0</occluded>
		<bndbox>
			<xmin>559</xmin>
			<xmax>584</xmax>
			<ymin>489</ymin>
			<ymax>625</ymax>
		</bndbox>
	</object>
</annotation>
