<annotation>
	<folder></folder>
	<filename>frame12_jpg.rf.e7a540bef479aa08e5bcc3bf3163c1f5.jpg</filename>
	<path>frame12_jpg.rf.e7a540bef479aa08e5bcc3bf3163c1f5.jpg</path>
	<source>
		<database>roboflow.ai</database>
	</source>
	<size>
		<width>1296</width>
		<height>720</height>
		<depth>3</depth>
	</size>
	<segmented>0</segmented>
	<object>
		<name>muon</name>
		<pose>Unspecified</pose>
		<truncated>0</truncated>
		<difficult>0</difficult>
		<occluded>0</occluded>
		<bndbox>
			<xmin>438</xmin>
			<xmax>473</xmax>
			<ymin>315</ymin>
			<ymax>399</ymax>
		</bndbox>
	</object>
</annotation>
