<annotation>
	<folder></folder>
	<filename>frame2_jpg.rf.136123abc873ffe0bc6f556813ca20cc.jpg</filename>
	<path>frame2_jpg.rf.136123abc873ffe0bc6f556813ca20cc.jpg</path>
	<source>
		<database>roboflow.ai</database>
	</source>
	<size>
		<width>1296</width>
		<height>720</height>
		<depth>3</depth>
	</size>
	<segmented>0</segmented>
	<object>
		<name>alpha</name>
		<pose>Unspecified</pose>
		<truncated>0</truncated>
		<difficult>0</difficult>
		<occluded>0</occluded>
		<bndbox>
			<xmin>567</xmin>
			<xmax>605</xmax>
			<ymin>134</ymin>
			<ymax>205</ymax>
		</bndbox>
	</object>
	<object>
		<name>alpha</name>
		<pose>Unspecified</pose>
		<truncated>0</truncated>
		<difficult>0</difficult>
		<occluded>0</occluded>
		<bndbox>
			<xmin>400</xmin>
			<xmax>461</xmax>
			<ymin>358</ymin>
			<ymax>419</ymax>
		</bndbox>
	</object>
	<object>
		<name>alpha</name>
		<pose>Unspecified</pose>
		<truncated>0</truncated>
		<difficult>0</difficult>
		<occluded>0</occluded>
		<bndbox>
			<xmin>741</xmin>
			<xmax>809</xmax>
			<ymin>402</ymin>
			<ymax>423</ymax>
		</bndbox>
	</object>
	<object>
		<name>alpha</name>
		<pose>Unspecified</pose>
		<truncated>0</truncated>
		<difficult>0</difficult>
		<occluded>0</occluded>
		<bndbox>
			<xmin>810</xmin>
			<xmax>860</xmax>
			<ymin>440</ymin>
			<ymax>487</ymax>
		</bndbox>
	</object>
	<object>
		<name>alpha</name>
		<pose>Unspecified</pose>
		<truncated>0</truncated>
		<difficult>0</difficult>
		<occluded>0</occluded>
		<bndbox>
			<xmin>688</xmin>
			<xmax>762</xmax>
			<ymin>472</ymin>
			<ymax>518</ymax>
		</bndbox>
	</object>
	<object>
		<name>alpha</name>
		<pose>Unspecified</pose>
		<truncated>0</truncated>
		<difficult>0</difficult>
		<occluded>0</occluded>
		<bndbox>
			<xmin>290</xmin>
			<xmax>351</xmax>
			<ymin>470</ymin>
			<ymax>555</ymax>
		</bndbox>
	</object>
	<object>
		<name>alpha</name>
		<pose>Unspecified</pose>
		<truncated>0</truncated>
		<difficult>0</difficult>
		<occluded>0</occluded>
		<bndbox>
			<xmin>750</xmin>
			<xmax>814</xmax>
			<ymin>523</ymin>
			<ymax>558</ymax>
		</bndbox>
	</object>
</annotation>
