<annotation>
	<folder></folder>
	<filename>frame5_jpg.rf.fa054c988e287dd2f05c49ff8e8f4764.jpg</filename>
	<path>frame5_jpg.rf.fa054c988e287dd2f05c49ff8e8f4764.jpg</path>
	<source>
		<database>roboflow.ai</database>
	</source>
	<size>
		<width>1296</width>
		<height>720</height>
		<depth>3</depth>
	</size>
	<segmented>0</segmented>
	<object>
		<name>alpha</name>
		<pose>Unspecified</pose>
		<truncated>0</truncated>
		<difficult>0</difficult>
		<occluded>0</occluded>
		<bndbox>
			<xmin>225</xmin>
			<xmax>265</xmax>
			<ymin>247</ymin>
			<ymax>261</ymax>
		</bndbox>
	</object>
	<object>
		<name>muon</name>
		<pose>Unspecified</pose>
		<truncated>0</truncated>
		<difficult>0</difficult>
		<occluded>0</occluded>
		<bndbox>
			<xmin>296</xmin>
			<xmax>371</xmax>
			<ymin>457</ymin>
			<ymax>485</ymax>
		</bndbox>
	</object>
</annotation>
